departure_Date,Origin_Destination,Target,0_SeatsSold_sum,1_SeatsSold_sum,2_SeatsSold_sum,3_SeatsSold_sum,4_SeatsSold_sum,5_SeatsSold_sum,6_SeatsSold_sum,7_SeatsSold_sum,8_SeatsSold_sum,9_SeatsSold_sum,10_SeatsSold_sum,11_SeatsSold_sum,12_SeatsSold_sum,13_SeatsSold_sum,14_SeatsSold_sum,15_SeatsSold_sum,16_SeatsSold_sum,17_SeatsSold_sum,18_SeatsSold_sum,19_SeatsSold_sum,20_SeatsSold_sum,21_SeatsSold_sum,22_SeatsSold_sum,23_SeatsSold_sum,24_SeatsSold_sum,25_SeatsSold_sum,26_SeatsSold_sum,27_SeatsSold_sum,28_SeatsSold_sum,29_SeatsSold_sum,30_SeatsSold_sum,31_SeatsSold_sum,32_SeatsSold_sum,33_SeatsSold_sum,34_SeatsSold_sum,35_SeatsSold_sum,36_SeatsSold_sum,37_SeatsSold_sum,38_SeatsSold_sum,39_SeatsSold_sum,40_SeatsSold_sum,41_SeatsSold_sum,42_SeatsSold_sum,43_SeatsSold_sum,44_SeatsSold_sum,45_SeatsSold_sum,46_SeatsSold_sum,47_SeatsSold_sum,48_SeatsSold_sum,49_SeatsSold_sum,50_SeatsSold_sum,51_SeatsSold_sum,52_SeatsSold_sum,53_SeatsSold_sum,54_SeatsSold_sum,55_SeatsSold_sum,56_SeatsSold_sum,57_SeatsSold_sum,58_SeatsSold_sum,59_SeatsSold_sum,60_SeatsSold_sum,61_SeatsSold_sum,62_SeatsSold_sum,63_SeatsSold_sum,64_SeatsSold_sum,65_SeatsSold_sum,66_SeatsSold_sum,67_SeatsSold_sum,68_SeatsSold_sum,69_SeatsSold_sum,70_SeatsSold_sum,71_SeatsSold_sum,72_SeatsSold_sum,73_SeatsSold_sum,74_SeatsSold_sum,75_SeatsSold_sum,76_SeatsSold_sum,77_SeatsSold_sum,78_SeatsSold_sum,79_SeatsSold_sum,80_SeatsSold_sum,81_SeatsSold_sum,82_SeatsSold_sum,83_SeatsSold_sum,84_SeatsSold_sum,85_SeatsSold_sum,86_SeatsSold_sum,87_SeatsSold_sum,88_SeatsSold_sum,89_SeatsSold_sum,90_SeatsSold_sum,91_SeatsSold_sum,92_SeatsSold_sum,93_SeatsSold_sum,94_SeatsSold_sum,95_SeatsSold_sum,96_SeatsSold_sum,97_SeatsSold_sum,98_SeatsSold_sum,99_SeatsSold_sum,100_SeatsSold_sum,101_SeatsSold_sum,102_SeatsSold_sum,103_SeatsSold_sum,104_SeatsSold_sum,105_SeatsSold_sum,106_SeatsSold_sum,107_SeatsSold_sum,108_SeatsSold_sum,109_SeatsSold_sum,110_SeatsSold_sum,111_SeatsSold_sum,112_SeatsSold_sum,113_SeatsSold_sum,114_SeatsSold_sum,115_SeatsSold_sum,116_SeatsSold_sum,117_SeatsSold_sum,118_SeatsSold_sum,119_SeatsSold_sum,120_SeatsSold_sum,121_SeatsSold_sum,122_SeatsSold_sum,123_SeatsSold_sum,124_SeatsSold_sum,125_SeatsSold_sum,126_SeatsSold_sum,127_SeatsSold_sum,128_SeatsSold_sum,129_SeatsSold_sum,130_SeatsSold_sum,131_SeatsSold_sum,132_SeatsSold_sum,133_SeatsSold_sum,134_SeatsSold_sum,135_SeatsSold_sum,136_SeatsSold_sum,137_SeatsSold_sum,138_SeatsSold_sum,139_SeatsSold_sum,140_SeatsSold_sum,141_SeatsSold_sum,142_SeatsSold_sum,143_SeatsSold_sum,144_SeatsSold_sum,145_SeatsSold_sum,146_SeatsSold_sum,147_SeatsSold_sum,148_SeatsSold_sum,149_SeatsSold_sum,150_SeatsSold_sum,151_SeatsSold_sum,152_SeatsSold_sum,153_SeatsSold_sum,154_SeatsSold_sum,155_SeatsSold_sum,156_SeatsSold_sum,157_SeatsSold_sum,158_SeatsSold_sum,159_SeatsSold_sum,160_SeatsSold_sum,161_SeatsSold_sum,162_SeatsSold_sum,163_SeatsSold_sum,164_SeatsSold_sum,165_SeatsSold_sum,166_SeatsSold_sum,167_SeatsSold_sum,168_SeatsSold_sum,169_SeatsSold_sum,170_SeatsSold_sum,171_SeatsSold_sum,172_SeatsSold_sum,173_SeatsSold_sum,174_SeatsSold_sum,175_SeatsSold_sum,176_SeatsSold_sum,177_SeatsSold_sum,178_SeatsSold_sum,179_SeatsSold_sum,180_SeatsSold_sum,181_SeatsSold_sum,182_SeatsSold_sum,183_SeatsSold_sum,184_SeatsSold_sum,185_SeatsSold_sum,186_SeatsSold_sum,187_SeatsSold_sum,188_SeatsSold_sum,189_SeatsSold_sum,190_SeatsSold_sum,191_SeatsSold_sum,192_SeatsSold_sum,193_SeatsSold_sum,194_SeatsSold_sum,195_SeatsSold_sum,196_SeatsSold_sum,197_SeatsSold_sum,198_SeatsSold_sum,199_SeatsSold_sum,200_SeatsSold_sum,201_SeatsSold_sum,202_SeatsSold_sum,203_SeatsSold_sum,204_SeatsSold_sum,205_SeatsSold_sum,206_SeatsSold_sum,207_SeatsSold_sum,208_SeatsSold_sum,209_SeatsSold_sum,210_SeatsSold_sum,211_SeatsSold_sum,212_SeatsSold_sum,213_SeatsSold_sum,214_SeatsSold_sum,215_SeatsSold_sum,216_SeatsSold_sum,217_SeatsSold_sum,218_SeatsSold_sum,219_SeatsSold_sum,220_SeatsSold_sum,221_SeatsSold_sum,222_SeatsSold_sum,223_SeatsSold_sum,224_SeatsSold_sum,225_SeatsSold_sum,226_SeatsSold_sum,227_SeatsSold_sum,228_SeatsSold_sum,229_SeatsSold_sum,230_SeatsSold_sum,231_SeatsSold_sum,232_SeatsSold_sum,233_SeatsSold_sum,234_SeatsSold_sum,235_SeatsSold_sum,236_SeatsSold_sum,237_SeatsSold_sum,238_SeatsSold_sum,239_SeatsSold_sum,240_SeatsSold_sum,241_SeatsSold_sum,242_SeatsSold_sum,243_SeatsSold_sum,244_SeatsSold_sum,245_SeatsSold_sum,246_SeatsSold_sum,247_SeatsSold_sum,248_SeatsSold_sum,249_SeatsSold_sum,250_SeatsSold_sum,251_SeatsSold_sum,252_SeatsSold_sum,253_SeatsSold_sum,254_SeatsSold_sum,255_SeatsSold_sum,256_SeatsSold_sum,257_SeatsSold_sum,258_SeatsSold_sum,259_SeatsSold_sum,260_SeatsSold_sum,261_SeatsSold_sum,262_SeatsSold_sum,263_SeatsSold_sum,264_SeatsSold_sum,265_SeatsSold_sum,266_SeatsSold_sum,267_SeatsSold_sum,268_SeatsSold_sum,269_SeatsSold_sum,270_SeatsSold_sum,271_SeatsSold_sum,272_SeatsSold_sum,273_SeatsSold_sum,274_SeatsSold_sum,275_SeatsSold_sum,276_SeatsSold_sum,277_SeatsSold_sum,278_SeatsSold_sum,279_SeatsSold_sum,280_SeatsSold_sum,281_SeatsSold_sum,282_SeatsSold_sum,283_SeatsSold_sum,284_SeatsSold_sum,285_SeatsSold_sum,286_SeatsSold_sum,287_SeatsSold_sum,288_SeatsSold_sum,289_SeatsSold_sum,290_SeatsSold_sum,291_SeatsSold_sum,292_SeatsSold_sum,293_SeatsSold_sum,294_SeatsSold_sum,295_SeatsSold_sum,296_SeatsSold_sum,297_SeatsSold_sum,298_SeatsSold_sum,299_SeatsSold_sum,300_SeatsSold_sum,301_SeatsSold_sum,302_SeatsSold_sum,303_SeatsSold_sum,304_SeatsSold_sum,305_SeatsSold_sum,306_SeatsSold_sum,307_SeatsSold_sum,308_SeatsSold_sum,309_SeatsSold_sum,310_SeatsSold_sum,311_SeatsSold_sum,312_SeatsSold_sum,313_SeatsSold_sum,314_SeatsSold_sum,315_SeatsSold_sum,316_SeatsSold_sum,317_SeatsSold_sum,318_SeatsSold_sum,319_SeatsSold_sum,320_SeatsSold_sum,321_SeatsSold_sum,322_SeatsSold_sum,323_SeatsSold_sum,324_SeatsSold_sum,325_SeatsSold_sum,326_SeatsSold_sum,327_SeatsSold_sum,328_SeatsSold_sum,329_SeatsSold_sum,330_SeatsSold_sum,331_SeatsSold_sum,332_SeatsSold_sum,333_SeatsSold_sum,334_SeatsSold_sum,335_SeatsSold_sum,336_SeatsSold_sum,337_SeatsSold_sum,338_SeatsSold_sum,339_SeatsSold_sum,340_SeatsSold_sum,341_SeatsSold_sum
2023-03-13T00:00:00.000Z,DXB-XXX,1004,,,,,,,,,,,,,,,,,,,,,,,,,,,,,,,,,,,,,,,,,,,,,,,,,,,,,,,,,,,,,,,,,,,,,,,,,,,,,,196,194,194,194,188,188,188,186,182,182,182,181,180,175,175,175,175,175,175,174,174,174,169,169,169,169,169,169,169,171,171,139,139,107,105,105,103,103,103,101,101,99,97,98,97,97,97,96,96,94,94,92,91,90,89,88,90,90,90,90,90,90,88,88,88,88,88,88,86,86,86,86,86,86,86,86,84,82,82,82,82,82,82,82,82,80,80,80,80,80,80,80,80,80,80,80,80,80,80,80,78,78,80,82,78,76,76,76,76,76,76,76,76,74,74,72,72,75,72,72,72,72,72,74,72,70,70,70,70,70,70,70,68,68,68,68,68,67,67,67,67,67,66,66,66,66,66,66,66,64,64,64,64,64,64,64,64,64,64,64,64,64,64,64,64,64,64,64,64,64,64,62,62,62,62,62,62,62,62,62,62,62,62,62,62,62,62,62,62,62,31,31,31,31,31,31,31,,31,62,31,0,0,0,0,0,0,0,0,0,0,0,0,0,0,0,0,0,0,0,0,0,0,0,0,0,0,0,0,0,0,0,0,0,0,0,0,0,0,0,0,0,0,0,0,0,0,0,0,0,0,2,2,2,0,0,0,0,0,0,0,0,0,0,0
2023-06-12T00:00:00.000Z,DXB-XXX,489,,,,,,,,,,,,,,,,,,,,,,,,,,,,,,,,,,,,,,,,,,,,,,,,,,,,,,,,,,,,,,,,,,,,,,,,,,,,,,,,,,,,,,,,,,,,,,,,,,,,,,,,,,,,,,,,,,,,,,,,,,,,,,,,,,,,,,,,,,,,,,,,,,,,,,,,,,,,,,,,,,,,,,,,,118,113,113,113,111,111,111,110,108,108,109,108,98,81,77,77,77,77,77,75,75,75,77,74,74,74,75,73,73,75,73,73,70,70,69,69,68,68,68,70,70,72,72,70,70,70,70,70,70,38,36,36,36,37,36,36,36,36,36,36,36,36,36,36,36,36,36,36,31,31,33,33,31,29,31,31,29,29,29,29,29,29,29,29,29,29,29,29,29,29,4,4,4,4,4,4,4,4,4,4,4,4,4,4,4,4,4,4,4,4,4,4,4,4,4,4,4,4,4,4,4,4,4,4,4,4,4,4,4,4,4,4,4,4,4,4,4,4,4,4,4,4,0,0,0,0,0,0,0,0,0,0,0,0,0,0,0,0,0,0,0,0,0,0,0,0,0,0,0,0,0,0,0,0
2023-03-12T00:00:00.000Z,DXB-XXX,988,,,,,,,,,,,,,,,,,,,,,,,,,,,,,,,,,,,,,,,,,,,,,,,,,,,,,,,,,,,,,,,,,,,,,,,,,,,,,170,165,165,161,159,158,156,154,154,150,150,150,171,170,168,168,168,168,167,167,168,164,161,160,158,155,153,155,154,132,132,128,126,124,125,119,120,118,116,117,117,112,108,108,106,102,100,97,97,97,96,96,97,100,96,92,86,86,84,84,84,58,56,57,57,57,57,57,57,59,57,57,57,57,57,57,57,57,57,57,57,57,57,55,34,35,35,35,34,34,32,30,30,30,30,30,30,30,30,30,30,30,30,28,28,26,26,26,26,26,23,21,19,19,19,19,19,19,19,19,19,19,19,19,19,19,17,17,17,17,17,17,15,15,15,13,13,13,13,13,11,11,11,11,11,11,13,13,7,7,7,7,7,7,7,7,7,7,5,3,3,3,3,3,3,3,3,3,3,3,3,3,2,2,2,2,2,2,2,2,2,2,2,2,0,0,0,0,0,0,0,0,0,0,0,0,2,,2,0,0,0,0,0,0,0,0,0,0,0,0,0,0,0,0,0,0,0,0,0,0,0,0,0,0,0,0,0,0,0,0,0,0,0,0,0,0,0,0,0,0,0,0,0,0,0,0,0,0,0,0,0,0,0,0,0,0,0,0,0,0,0,0,0,0,0
2023-07-12T00:00:00.000Z,XXX-DXB,489,,,,,,,,,,,,,,,,,,,,,,,,,,,,,,,,,,,,,,,,,,,,,,,,,,,,,,,,,,,,,,,,,,,,,,,,,,,,,,,,,,,,,,,,,,,,,,,,,,,,,,,,,,,,,,,,,,,,,,,,,,,,,,,,,,,,,,,,,,,,,,,,,,,,,,,,,,,,,,,,,,,,,,,,,,,,,,,,,,,,,,,,,,,,,,,,,,,,,,,81,81,81,81,81,81,81,81,79,79,79,79,79,74,74,74,74,74,73,73,73,73,58,58,58,58,58,48,48,48,48,48,48,48,48,48,48,48,48,48,47,47,47,47,47,47,47,47,47,47,47,47,47,47,47,47,47,47,47,47,32,32,32,32,32,32,32,32,32,32,32,32,32,32,32,32,32,20,20,20,20,18,18,18,18,18,18,18,18,18,18,18,1,1,1,1,1,1,1,1,1,1,9,8,8,0,0,0,5,5,5,0,0,0,0,0,0,0,0,0,0,0,0,0,0,0,0,0,0,0,0,0,0,0,0,0,0,0,0,0,0,0,0,0
2023-07-13T00:00:00.000Z,XXX-DXB,489,,,,,,,,,,,,,,,,,,,,,,,,,,,,,,,,,,,,,,,,,,,,,,,,,,,,,,,,,,,,,,,,,,,,,,,,,,,,,,,,,,,,,,,,,,,,,,,,,,,,,,,,,,,,,,,,,,,,,,,,,,,,,,,,,,,,,,,,,,,,,,,,,,,,,,,,,,,,,,,,,,,,,,,,,,,,,,,,,,,,,,,,,,,,,,,,,,,,,,,,35,35,35,35,35,35,33,33,33,33,30,30,30,30,30,30,30,30,30,30,30,21,21,21,21,21,21,21,3,3,3,3,3,3,3,3,3,3,3,3,3,3,3,3,3,3,3,3,3,3,3,3,3,3,3,3,3,3,3,3,3,3,3,3,3,3,3,3,3,3,3,3,3,3,3,3,3,3,3,3,3,3,3,3,3,3,3,3,3,3,3,3,3,3,3,3,3,3,3,3,3,3,3,3,3,3,3,3,3,3,2,2,2,2,2,2,2,2,1,1,1,0,0,0,0,0,0,0,0,0,0,0,0,0,0,0,0,0,0,0,0,0,0
2023-03-12T00:00:00.000Z,XXX-DXB,990,,,,,,,,,,,,,,,,,,,,,,,,,,,,,,,,,,,,,,,,,,,,,,,,,,,,,,,,,,,,,,,,,,,,,,,,,,,,,317,311,309,309,312,328,326,322,319,320,320,319,279,283,281,275,273,271,268,260,260,259,251,251,249,249,242,210,207,205,207,207,209,175,175,172,170,170,170,170,162,157,157,153,151,153,153,143,141,140,142,142,142,138,137,137,137,136,134,136,136,136,134,134,134,134,136,136,138,136,113,109,107,107,105,105,105,105,107,105,105,105,105,107,103,101,101,101,99,99,99,99,99,99,97,94,94,94,92,92,88,88,88,88,84,84,84,84,84,84,86,88,86,82,82,82,82,82,82,80,80,80,80,80,80,80,80,80,80,80,80,80,80,80,80,80,82,80,80,78,78,78,78,78,78,78,78,78,78,78,78,78,78,78,78,76,76,76,72,72,72,72,72,72,72,72,72,72,72,72,72,70,70,70,70,70,72,70,68,68,68,68,68,36,36,36,36,36,36,36,36,36,36,36,36,36,36,,34,64,32,32,32,32,32,32,32,32,32,32,32,32,32,32,32,32,32,30,30,30,30,30,0,0,0,0,0,0,0,0,0,0,0,0,0,0,0,0,0,0,0,0,0,0,0,0,0,0,0,0,0,0,0,0,0,0,0,0,0,0,2,0,0,0,0,0
2023-03-13T00:00:00.000Z,XXX-DXB,1008,,,,,,,,,,,,,,,,,,,,,,,,,,,,,,,,,,,,,,,,,,,,,,,,,,,,,,,,,,,,,,,,,,,,,,,,,,,,,,255,247,251,246,245,244,244,244,244,244,242,241,241,240,236,236,236,236,237,237,235,235,235,235,235,235,235,239,238,212,212,212,169,137,89,61,61,60,60,60,60,58,58,58,58,58,58,58,58,56,56,56,56,56,56,54,55,53,53,55,55,53,53,51,51,51,51,51,51,50,50,50,50,50,55,55,55,50,52,52,52,52,46,46,46,46,46,46,46,45,45,45,47,47,47,47,47,47,47,47,47,47,47,47,47,47,47,47,47,47,47,47,47,47,47,47,49,49,45,45,43,43,43,43,41,41,39,39,39,39,39,39,39,39,39,39,39,39,39,39,39,39,39,41,43,43,41,37,37,37,37,37,37,37,37,37,37,37,5,5,4,4,4,4,4,4,7,7,7,7,7,7,7,7,7,7,7,7,7,7,5,5,5,5,5,5,5,5,5,5,5,5,5,5,5,2,2,,0,0,0,0,0,0,0,0,0,0,0,0,0,0,0,0,0,0,0,0,0,0,0,0,0,0,0,0,0,0,0,0,0,0,0,0,0,0,0,0,0,0,0,0,0,0,0,0,0,0,0,0,0,0,0,0,0,0,0,0,0,0,0,0,0,0,0
2023-06-11T00:00:00.000Z,DXB-XXX,489,,,,,,,,,,,,,,,,,,,,,,,,,,,,,,,,,,,,,,,,,,,,,,,,,,,,,,,,,,,,,,,,,,,,,,,,,,,,,,,,,,,,,,,,,,,,,,,,,,,,,,,,,,,,,,,,,,,,,,,,,,,,,,,,,,,,,,,,,,,,,,,,,,,,,,,,,,,,,,,,,,,,,,,,123,125,121,120,121,120,120,120,118,118,117,117,115,115,114,112,108,108,107,105,105,103,101,99,99,99,95,96,94,69,69,69,67,67,69,40,38,36,34,36,31,33,31,31,31,31,31,29,29,29,29,29,29,29,27,27,27,27,27,29,32,28,23,21,21,19,25,25,13,13,9,7,7,7,7,5,5,5,5,5,5,5,5,5,5,5,5,5,5,5,5,5,5,5,5,5,5,5,5,7,7,7,7,7,7,5,5,5,5,5,5,5,5,5,5,5,5,5,5,5,5,5,5,5,5,5,5,5,5,5,5,5,5,5,5,5,5,5,5,5,5,5,5,5,5,5,5,5,5,5,5,5,5,5,5,5,5,3,3,3,3,3,3,3,2,2,2,2,2,2,2,2,2,0,0
2023-03-11T00:00:00.000Z,DXB-XXX,990,,,,,,,,,,,,,,,,,,,,,,,,,,,,,,,,,,,,,,,,,,,,,,,,,,,,,,,,,,,,,,,,,,,,,,,,,,,,192,189,189,189,181,165,156,151,147,147,143,146,144,144,141,140,142,142,141,144,140,138,136,165,163,162,154,155,154,126,126,126,124,125,122,120,119,117,117,117,111,111,109,105,105,105,109,112,106,104,104,104,104,104,106,106,106,104,102,102,102,50,50,50,50,51,51,51,50,50,50,52,52,52,50,50,50,50,18,18,18,18,18,18,38,38,38,38,38,36,36,34,34,34,36,33,33,33,33,33,32,32,32,32,32,32,32,32,32,32,32,32,32,32,32,32,32,31,31,31,31,31,31,31,31,31,30,30,30,29,29,29,29,29,29,29,29,29,29,29,29,29,29,29,29,27,27,27,5,5,5,5,5,5,6,6,6,6,6,6,6,6,6,6,6,6,6,6,6,6,6,6,6,6,6,6,6,6,6,6,6,8,4,4,4,4,4,4,4,4,4,4,4,4,4,4,4,,3,6,3,3,3,3,3,3,3,3,3,3,3,3,3,3,3,3,3,3,3,3,3,3,3,3,3,3,3,3,3,3,3,3,3,3,3,3,3,3,3,3,3,3,3,3,3,4,4,4,4,4,4,1,1,1,0,0,0,0,0,0,0,0,0,0,0,0,0
2023-09-13T00:00:00.000Z,DXB-XXX,489,,,,,,,,,,,,,,,,,,,,,,,,,,,,,,,,,,,,,,,,,,,,,,,,,,,,,,,,,,,,,,,,,,,,,,,,,,,,,,,,,,,,,,,,,,,,,,,,,,,,,,,,,,,,,,,,,,,,,,,,,,,,,,,,,,,,,,,,,,,,,,,,,,,,,,,,,,,,,,,,,,,,,,,,,,,,,,,,,,,,,,,,,,,,,,,,,,,,,,,,,,,,,,,,,,,,,,,,,,,,,,,,,,,,,,,,,,,,,,,,,,,,,,,,,,,,,,,,,,,,,,37,37,37,36,36,36,36,36,36,36,36,36,33,33,33,33,33,33,1,1,1,1,1,1,1,1,1,1,1,1,1,1,1,1,1,1,1,1,1,1,1,1,1,1,1,1,1,1,1,1,1,1,1,1,1,1,1,1,1,1,1,1,1,1,1,1,1,1,0,0,0,0,0,0,0,0,0,0,0,0,0
2023-09-10T00:00:00.000Z,DXB-XXX,489,,,,,,,,,,,,,,,,,,,,,,,,,,,,,,,,,,,,,,,,,,,,,,,,,,,,,,,,,,,,,,,,,,,,,,,,,,,,,,,,,,,,,,,,,,,,,,,,,,,,,,,,,,,,,,,,,,,,,,,,,,,,,,,,,,,,,,,,,,,,,,,,,,,,,,,,,,,,,,,,,,,,,,,,,,,,,,,,,,,,,,,,,,,,,,,,,,,,,,,,,,,,,,,,,,,,,,,,,,,,,,,,,,,,,,,,,,,,,,,,,,,,,,,,,,,,,,,,,,,67,65,65,67,67,69,67,67,66,64,61,61,61,61,61,59,59,59,59,61,61,59,59,59,59,59,58,57,57,57,57,57,57,57,57,57,55,53,53,53,53,53,53,51,51,51,51,51,51,51,49,51,51,51,51,34,34,32,32,32,0,0,0,0,0,0,0,0,0,0,0,0,0,0,0,0,0,0,0,0,0,0,0,0
2023-03-11T00:00:00.000Z,XXX-DXB,996,,,,,,,,,,,,,,,,,,,,,,,,,,,,,,,,,,,,,,,,,,,,,,,,,,,,,,,,,,,,,,,,,,,,,,,,,,,,327,324,324,324,317,310,294,289,284,285,279,276,270,269,270,269,264,263,260,256,257,254,250,250,250,249,244,242,238,233,231,232,230,230,230,230,231,231,229,229,227,229,227,224,222,230,228,228,228,227,227,227,225,222,223,223,225,224,222,220,220,193,193,185,187,187,187,185,183,183,183,183,183,177,177,177,177,177,177,177,177,177,167,277,54,54,54,54,52,52,52,52,50,48,48,44,44,44,44,44,44,44,40,40,39,39,41,39,43,41,39,39,36,37,35,35,35,37,37,37,34,36,34,36,36,34,36,34,36,34,39,37,35,37,37,35,35,35,35,33,33,33,33,31,31,30,30,30,30,30,28,28,28,28,26,26,22,22,22,22,22,22,18,18,18,18,18,18,16,16,16,16,16,16,16,16,16,16,16,16,16,16,16,14,14,14,12,12,12,12,12,12,12,12,12,12,12,,10,20,10,10,10,10,10,10,8,8,8,8,8,8,6,8,8,6,4,4,2,2,2,2,2,2,2,2,2,2,2,2,2,2,2,2,2,2,2,2,2,2,2,2,2,2,2,2,2,2,2,2,0,0,0,0,0,0,0,0,0,0,0,0,0,0,0,0,0
2023-09-13T00:00:00.000Z,XXX-DXB,489,,,,,,,,,,,,,,,,,,,,,,,,,,,,,,,,,,,,,,,,,,,,,,,,,,,,,,,,,,,,,,,,,,,,,,,,,,,,,,,,,,,,,,,,,,,,,,,,,,,,,,,,,,,,,,,,,,,,,,,,,,,,,,,,,,,,,,,,,,,,,,,,,,,,,,,,,,,,,,,,,,,,,,,,,,,,,,,,,,,,,,,,,,,,,,,,,,,,,,,,,,,,,,,,,,,,,,,,,,,,,,,,,,,,,,,,,,,,,,,,,,,,,,,,,,,,,,,,,,,,,,60,60,60,60,60,60,60,35,35,35,35,35,35,35,20,20,20,20,20,20,21,21,21,21,21,21,21,21,21,21,21,21,21,21,21,21,21,21,21,21,21,21,17,17,17,17,17,17,17,17,17,17,17,17,17,0,0,0,0,0,2,0,0,0,0,0,0,0,0,0,0,0,0,0,0,0,0,0,0,0,0
2023-09-11T00:00:00.000Z,XXX-DXB,489,,,,,,,,,,,,,,,,,,,,,,,,,,,,,,,,,,,,,,,,,,,,,,,,,,,,,,,,,,,,,,,,,,,,,,,,,,,,,,,,,,,,,,,,,,,,,,,,,,,,,,,,,,,,,,,,,,,,,,,,,,,,,,,,,,,,,,,,,,,,,,,,,,,,,,,,,,,,,,,,,,,,,,,,,,,,,,,,,,,,,,,,,,,,,,,,,,,,,,,,,,,,,,,,,,,,,,,,,,,,,,,,,,,,,,,,,,,,,,,,,,,,,,,,,,,,,,,,,,,,1,1,1,1,1,1,1,1,0,0,0,0,0,0,0,0,0,0,0,0,0,0,0,0,0,0,0,0,0,0,0,0,0,0,0,0,0,0,0,0,0,0,0,0,0,0,0,0,0,0,0,0,0,0,0,0,0,0,0,0,0,0,0,0,0,0,0,0,0,0,0,0,0,0,0,0,0,0,0,0,0,0,0
2023-03-10T00:00:00.000Z,DXB-XXX,1000,,,,,,,,,,,,,,,,,,,,,,,,,,,,,,,,,,,,,,,,,,,,,,,,,,,,,,,,,,,,,,,,,,,,,,,,,,,165,163,158,157,162,154,153,158,151,153,152,152,153,153,153,154,154,154,152,151,151,150,148,149,149,147,140,140,139,111,111,79,72,78,68,69,68,68,64,64,64,64,61,62,61,61,61,55,57,53,54,53,53,21,20,20,20,20,20,20,20,20,20,19,19,21,20,20,18,18,16,16,16,16,16,16,16,16,16,16,16,16,16,15,15,15,15,15,15,15,15,15,13,13,13,13,13,13,13,13,13,13,13,13,13,13,12,12,12,12,12,12,12,10,10,10,10,10,10,10,10,10,10,10,10,10,10,10,10,10,10,10,10,12,12,12,10,10,10,10,10,10,9,9,9,9,8,8,8,8,8,8,8,8,8,8,8,8,8,8,9,9,9,9,9,9,9,9,9,9,9,9,9,9,9,9,9,9,9,9,9,9,9,9,9,9,9,9,11,11,7,7,5,5,5,5,5,,6,8,4,4,4,4,4,2,2,2,2,2,2,2,2,2,2,2,2,2,2,2,2,2,2,2,2,2,2,2,6,6,6,6,6,6,6,6,6,6,6,7,7,7,5,5,5,5,5,5,5,5,5,5,5,5,5,5,5,1,1,1,1,1,1,0,0,0,0,0
2023-03-10T00:00:00.000Z,XXX-DXB,986,,,,,,,,,,,,,,,,,,,,,,,,,,,,,,,,,,,,,,,,,,,,,,,,,,,,,,,,,,,,,,,,,,,,,,,,,,,174,171,171,173,170,171,160,152,154,150,150,153,140,140,138,137,133,131,127,126,126,128,124,124,127,127,126,126,123,123,123,123,123,122,122,119,119,119,119,119,119,119,119,119,119,118,117,116,116,114,114,112,110,107,107,107,107,107,107,107,107,55,53,53,50,50,50,50,50,50,48,48,48,48,48,47,47,47,47,47,47,47,47,47,47,47,47,47,47,47,47,47,47,47,47,47,47,46,43,43,43,43,43,43,43,43,43,43,43,43,43,43,44,36,36,36,36,36,36,36,36,36,36,36,36,36,36,36,36,36,36,36,36,36,36,36,36,36,36,36,36,36,36,36,38,34,34,34,34,37,37,37,37,37,34,34,34,34,34,34,34,34,34,34,34,34,34,34,34,34,34,34,34,34,34,34,34,34,34,34,34,34,34,34,34,34,34,34,34,34,34,34,34,34,34,34,34,,34,68,34,34,34,34,34,34,34,34,34,34,34,34,34,34,34,34,34,34,34,34,34,34,34,34,34,34,34,34,34,34,34,34,37,37,37,37,37,37,3,3,3,3,3,3,3,3,3,3,3,4,4,4,3,3,3,3,3,3,0,0,0,0,0,0,0,0,0,0
2023-06-10T00:00:00.000Z,DXB-XXX,489,,,,,,,,,,,,,,,,,,,,,,,,,,,,,,,,,,,,,,,,,,,,,,,,,,,,,,,,,,,,,,,,,,,,,,,,,,,,,,,,,,,,,,,,,,,,,,,,,,,,,,,,,,,,,,,,,,,,,,,,,,,,,,,,,,,,,,,,,,,,,,,,,,,,,,,,,,,,,,,,,,,,,,,150,119,119,115,111,111,113,113,113,107,105,105,105,103,105,107,105,99,99,99,97,97,92,92,92,92,86,86,85,83,81,79,77,77,75,48,44,44,44,44,44,44,42,42,42,40,40,36,35,35,35,35,36,36,33,33,33,29,29,29,27,27,27,27,25,25,25,4,5,5,4,4,4,4,4,5,5,5,5,5,5,5,5,5,5,5,5,5,5,5,5,5,5,5,5,5,5,5,5,4,4,4,4,4,4,4,4,4,4,4,4,4,4,4,4,4,4,4,4,4,4,4,4,4,4,4,4,4,4,4,4,4,4,4,4,4,4,4,4,4,5,5,4,4,4,4,4,4,4,4,4,4,4,4,4,4,4,4,4,4,3,3,3,0,0,0,0,0,0,0,0,0,0,0,1,1
2023-09-10T00:00:00.000Z,XXX-DXB,489,,,,,,,,,,,,,,,,,,,,,,,,,,,,,,,,,,,,,,,,,,,,,,,,,,,,,,,,,,,,,,,,,,,,,,,,,,,,,,,,,,,,,,,,,,,,,,,,,,,,,,,,,,,,,,,,,,,,,,,,,,,,,,,,,,,,,,,,,,,,,,,,,,,,,,,,,,,,,,,,,,,,,,,,,,,,,,,,,,,,,,,,,,,,,,,,,,,,,,,,,,,,,,,,,,,,,,,,,,,,,,,,,,,,,,,,,,,,,,,,,,,,,,,,,,,,,,,,,,,41,39,39,39,39,39,39,37,37,37,37,37,37,37,37,37,37,37,5,5,5,5,5,5,5,5,5,5,3,3,3,3,3,3,3,3,3,3,3,3,3,3,3,3,3,3,3,3,1,1,1,1,1,1,1,1,1,1,1,0,0,0,0,0,0,0,0,0,0,0,0,0,0,0,0,0,0,0,0,0,0,0,0,0
2023-09-12T00:00:00.000Z,XXX-DXB,489,,,,,,,,,,,,,,,,,,,,,,,,,,,,,,,,,,,,,,,,,,,,,,,,,,,,,,,,,,,,,,,,,,,,,,,,,,,,,,,,,,,,,,,,,,,,,,,,,,,,,,,,,,,,,,,,,,,,,,,,,,,,,,,,,,,,,,,,,,,,,,,,,,,,,,,,,,,,,,,,,,,,,,,,,,,,,,,,,,,,,,,,,,,,,,,,,,,,,,,,,,,,,,,,,,,,,,,,,,,,,,,,,,,,,,,,,,,,,,,,,,,,,,,,,,,,,,,,,,,,,29,29,29,29,29,29,29,29,29,27,27,27,27,2,2,3,3,3,3,3,3,3,3,3,3,3,3,3,3,3,3,3,3,3,3,3,3,3,3,3,3,3,3,3,3,3,3,3,3,3,3,3,3,3,0,0,0,0,0,0,0,0,0,0,0,0,0,0,0,0,0,0,0,0,0,0,0,0,0,0,0,0
2023-06-13T00:00:00.000Z,XXX-DXB,489,,,,,,,,,,,,,,,,,,,,,,,,,,,,,,,,,,,,,,,,,,,,,,,,,,,,,,,,,,,,,,,,,,,,,,,,,,,,,,,,,,,,,,,,,,,,,,,,,,,,,,,,,,,,,,,,,,,,,,,,,,,,,,,,,,,,,,,,,,,,,,,,,,,,,,,,,,,,,,,,,,,,,,,,,,69,69,69,69,69,67,67,67,63,63,63,63,62,62,62,62,62,62,62,62,62,62,60,60,60,60,60,60,60,60,60,58,58,58,52,52,52,52,52,52,52,52,50,50,50,50,50,36,36,36,36,36,36,36,15,15,15,15,15,15,0,0,0,0,0,0,0,0,0,0,0,0,0,0,0,0,0,0,0,0,0,0,0,0,0,0,0,0,0,0,0,0,0,0,0,0,0,0,0,0,0,0,0,0,0,0,0,0,0,0,0,0,0,0,0,0,0,0,0,0,0,0,0,0,0,0,0,0,0,0,0,0,0,0,0,0,0,0,0,0,0,0,0,0,0,0,0,0,0,0,0,0,0,0,0,0,0,0,0,0,0,0,0,0,0,0,0,0,0,0,0,0,0
2023-07-10T00:00:00.000Z,DXB-XXX,489,,,,,,,,,,,,,,,,,,,,,,,,,,,,,,,,,,,,,,,,,,,,,,,,,,,,,,,,,,,,,,,,,,,,,,,,,,,,,,,,,,,,,,,,,,,,,,,,,,,,,,,,,,,,,,,,,,,,,,,,,,,,,,,,,,,,,,,,,,,,,,,,,,,,,,,,,,,,,,,,,,,,,,,,,,,,,,,,,,,,,,,,,,,,,,,,,,,,,48,48,48,48,48,48,48,48,48,48,48,48,48,48,48,42,42,42,42,42,42,42,42,41,41,40,40,40,38,38,35,36,23,20,18,17,15,14,14,14,14,14,14,14,14,14,14,14,14,14,14,14,14,14,14,14,14,14,14,14,14,14,14,14,14,14,14,14,14,14,14,14,14,14,14,14,12,12,12,12,12,9,9,9,9,9,9,9,9,9,9,9,9,9,9,6,6,6,6,6,6,6,6,6,6,6,6,6,6,6,6,4,4,4,4,4,4,4,4,4,4,4,4,4,4,4,4,4,4,4,4,4,1,1,1,1,1,1,1,1,1,0,0,0,0,0
2023-06-13T00:00:00.000Z,DXB-XXX,489,,,,,,,,,,,,,,,,,,,,,,,,,,,,,,,,,,,,,,,,,,,,,,,,,,,,,,,,,,,,,,,,,,,,,,,,,,,,,,,,,,,,,,,,,,,,,,,,,,,,,,,,,,,,,,,,,,,,,,,,,,,,,,,,,,,,,,,,,,,,,,,,,,,,,,,,,,,,,,,,,,,,,,,,,,87,83,83,83,83,85,81,81,47,47,47,47,44,44,44,42,42,38,38,38,36,36,30,30,30,32,30,30,61,59,59,61,59,59,59,57,58,58,58,57,57,57,57,57,57,57,57,57,57,57,57,57,57,57,57,57,56,24,24,23,9,9,9,9,9,9,9,9,9,9,9,9,9,9,9,9,9,9,9,9,9,9,9,9,9,9,9,9,9,9,9,10,9,9,9,9,7,7,7,7,7,7,7,7,7,7,7,7,7,7,7,7,7,7,7,7,5,5,5,7,5,5,5,5,3,3,3,3,3,3,3,3,3,3,3,3,3,3,3,3,3,3,3,3,3,3,2,2,2,2,2,2,2,2,2,2,2,2,2,2,0,0,0,0,0,0,0,0,0,2,2,2,0
2023-06-11T00:00:00.000Z,XXX-DXB,489,,,,,,,,,,,,,,,,,,,,,,,,,,,,,,,,,,,,,,,,,,,,,,,,,,,,,,,,,,,,,,,,,,,,,,,,,,,,,,,,,,,,,,,,,,,,,,,,,,,,,,,,,,,,,,,,,,,,,,,,,,,,,,,,,,,,,,,,,,,,,,,,,,,,,,,,,,,,,,,,,,,,,,,,148,146,144,144,144,144,144,144,144,144,148,150,86,80,78,72,68,66,34,36,32,32,32,32,27,27,27,29,27,27,23,19,16,16,21,14,14,14,14,14,12,12,12,10,8,8,9,8,8,8,6,4,2,2,2,2,2,2,2,2,2,2,2,2,0,0,0,0,2,2,2,2,2,2,2,2,2,2,2,2,2,2,2,2,2,2,2,2,2,2,4,4,4,4,4,4,4,4,4,4,4,4,4,4,4,4,4,4,4,4,4,4,4,4,4,4,4,4,4,4,4,4,4,4,4,4,4,4,4,4,4,4,4,4,4,4,4,4,4,4,4,4,4,4,4,4,2,2,2,2,2,2,0,0,0,0,0,0,0,0,0,0,0,0,0,0,0,0,0,0,0,0,0,0,0
2023-07-10T00:00:00.000Z,XXX-DXB,489,,,,,,,,,,,,,,,,,,,,,,,,,,,,,,,,,,,,,,,,,,,,,,,,,,,,,,,,,,,,,,,,,,,,,,,,,,,,,,,,,,,,,,,,,,,,,,,,,,,,,,,,,,,,,,,,,,,,,,,,,,,,,,,,,,,,,,,,,,,,,,,,,,,,,,,,,,,,,,,,,,,,,,,,,,,,,,,,,,,,,,,,,,,,,,,,,,,,,95,95,95,95,95,93,93,93,93,93,93,93,93,40,42,42,42,42,39,37,37,37,37,37,37,37,37,20,20,20,20,20,20,20,20,20,20,18,18,18,34,82,82,82,82,82,82,81,81,33,33,33,33,33,33,16,16,16,16,16,16,16,16,16,16,16,16,16,21,21,21,21,21,21,21,21,21,21,21,21,21,21,21,21,21,21,21,21,21,5,5,5,5,5,5,5,5,5,5,5,5,5,5,5,5,5,5,5,5,5,5,5,5,5,5,6,6,6,6,6,6,6,5,5,0,0,0,0,0,0,0,0,0,0,0,0,0,0,0,0,0,0,0,0,0,0
2023-07-13T00:00:00.000Z,DXB-XXX,489,,,,,,,,,,,,,,,,,,,,,,,,,,,,,,,,,,,,,,,,,,,,,,,,,,,,,,,,,,,,,,,,,,,,,,,,,,,,,,,,,,,,,,,,,,,,,,,,,,,,,,,,,,,,,,,,,,,,,,,,,,,,,,,,,,,,,,,,,,,,,,,,,,,,,,,,,,,,,,,,,,,,,,,,,,,,,,,,,,,,,,,,,,,,,,,,,,,,,,,,68,68,66,66,66,62,62,62,62,62,62,60,60,60,60,60,60,60,59,59,57,57,57,57,57,57,57,51,51,51,51,51,51,51,51,51,52,53,51,51,51,51,51,51,51,51,51,51,34,32,32,32,32,32,29,30,29,29,29,29,29,29,29,29,29,25,25,25,25,25,25,25,25,25,25,25,25,25,25,26,26,26,25,25,25,25,25,25,25,25,25,25,24,24,24,24,24,24,22,22,22,22,22,22,22,22,22,22,22,22,22,22,22,22,22,22,22,22,22,22,22,22,22,15,2,2,2,2,2,2,2,2,2,2,2,2,2,2,2,2,2,0,0
2023-06-12T00:00:00.000Z,XXX-DXB,489,,,,,,,,,,,,,,,,,,,,,,,,,,,,,,,,,,,,,,,,,,,,,,,,,,,,,,,,,,,,,,,,,,,,,,,,,,,,,,,,,,,,,,,,,,,,,,,,,,,,,,,,,,,,,,,,,,,,,,,,,,,,,,,,,,,,,,,,,,,,,,,,,,,,,,,,,,,,,,,,,,,,,,,,,110,109,109,109,84,85,85,85,52,50,50,50,50,50,18,18,18,14,9,9,9,9,7,7,7,7,7,7,8,7,7,7,7,7,7,7,7,7,7,7,7,7,7,7,7,6,6,6,6,6,6,6,6,6,6,2,2,2,2,2,2,2,2,2,2,2,4,4,4,4,4,4,4,4,3,3,3,3,3,3,3,3,3,3,3,3,3,3,3,3,3,3,3,5,5,5,5,3,3,3,3,3,3,3,3,3,3,3,3,3,1,1,1,1,1,1,1,1,1,0,0,0,0,0,0,0,0,0,0,0,0,0,0,0,0,0,0,0,0,0,0,0,0,0,0,0,0,0,0,0,0,0,0,0,0,0,0,0,0,0,0,0,0,0,0,0,0,0,0,0,0,0,0,0
2023-06-10T00:00:00.000Z,XXX-DXB,489,,,,,,,,,,,,,,,,,,,,,,,,,,,,,,,,,,,,,,,,,,,,,,,,,,,,,,,,,,,,,,,,,,,,,,,,,,,,,,,,,,,,,,,,,,,,,,,,,,,,,,,,,,,,,,,,,,,,,,,,,,,,,,,,,,,,,,,,,,,,,,,,,,,,,,,,,,,,,,,,,,,,,,,113,111,111,111,111,110,110,112,109,109,107,105,105,105,105,98,96,91,91,91,91,91,91,91,89,89,90,88,89,66,64,63,60,60,60,55,39,37,33,29,27,29,25,21,19,22,23,23,23,24,20,19,16,16,12,12,12,12,12,13,13,13,13,13,13,13,13,13,13,13,13,13,13,13,13,13,13,13,13,13,13,13,11,13,13,13,11,11,11,11,11,11,7,7,7,7,7,7,7,7,7,7,7,7,7,7,7,7,7,7,7,8,8,8,8,8,8,7,7,7,7,7,7,7,7,7,7,7,7,7,7,7,7,5,5,5,5,5,5,5,3,3,3,3,3,3,3,3,3,3,3,3,3,3,3,3,3,3,3,3,3,3,3,3,7,7,7,7,7,7,7,7,2,2,0,0
2023-07-11T00:00:00.000Z,DXB-XXX,489,,,,,,,,,,,,,,,,,,,,,,,,,,,,,,,,,,,,,,,,,,,,,,,,,,,,,,,,,,,,,,,,,,,,,,,,,,,,,,,,,,,,,,,,,,,,,,,,,,,,,,,,,,,,,,,,,,,,,,,,,,,,,,,,,,,,,,,,,,,,,,,,,,,,,,,,,,,,,,,,,,,,,,,,,,,,,,,,,,,,,,,,,,,,,,,,,,,,,,78,76,76,76,72,70,68,69,69,69,69,67,67,67,67,66,66,66,66,66,66,64,66,66,66,66,64,42,42,43,43,41,41,41,41,40,38,36,36,36,36,36,36,36,36,36,34,36,36,36,31,31,31,31,31,31,32,32,32,32,32,32,32,32,32,32,31,29,29,29,29,29,29,29,29,29,29,12,12,12,8,8,8,8,8,8,8,8,8,8,8,8,8,8,8,8,8,8,8,8,8,8,8,8,8,8,8,8,8,8,8,8,8,8,8,8,8,8,8,8,8,8,8,6,6,6,6,6,6,6,6,6,1,1,1,1,1,1,1,1,1,3,3,3,1
2023-07-12T00:00:00.000Z,DXB-XXX,489,,,,,,,,,,,,,,,,,,,,,,,,,,,,,,,,,,,,,,,,,,,,,,,,,,,,,,,,,,,,,,,,,,,,,,,,,,,,,,,,,,,,,,,,,,,,,,,,,,,,,,,,,,,,,,,,,,,,,,,,,,,,,,,,,,,,,,,,,,,,,,,,,,,,,,,,,,,,,,,,,,,,,,,,,,,,,,,,,,,,,,,,,,,,,,,,,,,,,,,84,82,82,82,82,82,82,82,80,80,78,78,78,78,78,78,78,78,42,42,42,42,42,39,39,40,40,20,18,18,18,18,18,18,18,15,15,15,15,15,15,15,15,15,16,16,16,17,17,17,17,17,15,15,16,15,15,15,15,15,13,13,12,11,11,11,11,11,11,11,11,8,8,8,7,7,7,7,7,7,7,7,7,7,7,7,7,7,7,7,7,7,7,7,7,7,7,6,6,6,6,6,6,6,6,6,6,6,6,6,6,2,2,2,2,2,2,1,1,1,1,1,1,1,1,1,1,1,1,1,1,0,0,0,0,0,0,0,0,0,0,0,0,0
2023-09-11T00:00:00.000Z,DXB-XXX,489,,,,,,,,,,,,,,,,,,,,,,,,,,,,,,,,,,,,,,,,,,,,,,,,,,,,,,,,,,,,,,,,,,,,,,,,,,,,,,,,,,,,,,,,,,,,,,,,,,,,,,,,,,,,,,,,,,,,,,,,,,,,,,,,,,,,,,,,,,,,,,,,,,,,,,,,,,,,,,,,,,,,,,,,,,,,,,,,,,,,,,,,,,,,,,,,,,,,,,,,,,,,,,,,,,,,,,,,,,,,,,,,,,,,,,,,,,,,,,,,,,,,,,,,,,,,,,,,,,,,30,30,30,30,29,27,25,25,25,29,29,29,29,29,25,25,25,25,7,7,7,7,7,7,7,7,7,7,7,7,7,7,5,5,5,5,5,5,5,5,5,5,5,5,5,5,5,5,5,5,5,5,5,5,5,5,5,5,5,5,5,5,1,1,1,1,1,1,1,1,1,1,1,1,1,1,1,1,1,1,1,0,0
2023-07-11T00:00:00.000Z,XXX-DXB,489,,,,,,,,,,,,,,,,,,,,,,,,,,,,,,,,,,,,,,,,,,,,,,,,,,,,,,,,,,,,,,,,,,,,,,,,,,,,,,,,,,,,,,,,,,,,,,,,,,,,,,,,,,,,,,,,,,,,,,,,,,,,,,,,,,,,,,,,,,,,,,,,,,,,,,,,,,,,,,,,,,,,,,,,,,,,,,,,,,,,,,,,,,,,,,,,,,,,,,50,50,50,50,50,52,50,50,48,48,48,48,48,48,48,48,48,48,48,48,48,48,48,48,48,48,48,57,57,48,48,48,16,16,16,16,16,16,16,16,16,16,16,16,16,16,16,15,15,15,15,15,15,15,15,15,15,15,15,15,15,15,15,15,15,15,15,15,15,15,15,15,15,15,15,15,15,15,15,15,15,15,15,15,15,15,15,15,15,15,15,0,0,0,0,0,0,0,0,0,0,0,0,0,0,0,0,0,0,0,0,0,0,0,0,0,0,0,0,0,0,0,0,0,0,0,0,0,0,0,0,0,0,0,0,0,0,0,0,0,0,0,0,0,0
2023-09-12T00:00:00.000Z,DXB-XXX,489,,,,,,,,,,,,,,,,,,,,,,,,,,,,,,,,,,,,,,,,,,,,,,,,,,,,,,,,,,,,,,,,,,,,,,,,,,,,,,,,,,,,,,,,,,,,,,,,,,,,,,,,,,,,,,,,,,,,,,,,,,,,,,,,,,,,,,,,,,,,,,,,,,,,,,,,,,,,,,,,,,,,,,,,,,,,,,,,,,,,,,,,,,,,,,,,,,,,,,,,,,,,,,,,,,,,,,,,,,,,,,,,,,,,,,,,,,,,,,,,,,,,,,,,,,,,,,,,,,,,,6,6,6,6,6,6,6,6,4,4,4,4,6,6,6,4,4,4,4,4,4,4,4,4,4,4,4,4,4,4,4,4,4,4,4,4,4,2,2,2,2,2,2,2,2,2,2,2,2,2,2,2,2,2,2,2,2,2,2,4,4,4,4,4,2,2,2,2,0,0,0,0,0,0,0,0,0,0,0,0,0,0
